Month,Year,EV_Sales_Units,Market_Share_Pct,Segment,Brand,Battery_Cost_USD_kWh,Charging_Stations,Sentiment_Score,Avg_Price_INR
Jan,2024,98400,2.1,Two-Wheeler,Ola Electric,112,11200,71,105000
Jan,2024,58000,1.3,Two-Wheeler,Ather Energy,118,11200,74,145000
Jan,2024,34200,0.8,Four-Wheeler,Tata Motors,108,11200,68,1450000
Feb,2024,93600,2.0,Two-Wheeler,Ola Electric,111,11450,70,105000
Feb,2024,55000,1.2,Two-Wheeler,Ather Energy,117,11450,73,145000
Feb,2024,32500,0.7,Four-Wheeler,Tata Motors,107,11450,67,1450000
Mar,2024,114000,2.4,Two-Wheeler,Ola Electric,110,11700,72,103000
Mar,2024,67000,1.4,Two-Wheeler,Ather Energy,116,11700,75,145000
Mar,2024,41200,0.9,Four-Wheeler,Tata Motors,106,11700,69,1420000
Apr,2024,105600,2.2,Two-Wheeler,Ola Electric,109,11900,71,103000
Apr,2024,62000,1.3,Two-Wheeler,Ather Energy,115,11900,74,143000
Apr,2024,38000,0.8,Four-Wheeler,Tata Motors,105,11900,68,1420000
May,2024,109200,2.3,Two-Wheeler,Ola Electric,108,12100,72,101000
May,2024,64000,1.4,Two-Wheeler,Ather Energy,114,12100,76,143000
May,2024,40000,0.9,Four-Wheeler,Tata Motors,104,12100,70,1400000
Jun,2024,116400,2.4,Two-Wheeler,Ola Electric,108,12300,73,101000
Jun,2024,68000,1.4,Two-Wheeler,Ather Energy,113,12300,77,142000
Jun,2024,43200,1.0,Four-Wheeler,Tata Motors,103,12300,71,1400000
Jul,2024,123600,2.6,Two-Wheeler,Ola Electric,107,12500,74,99000
Jul,2024,72000,1.5,Two-Wheeler,Ather Energy,112,12500,78,142000
Jul,2024,46100,1.0,Four-Wheeler,Tata Motors,102,12500,72,1380000
Aug,2024,130800,2.7,Two-Wheeler,Ola Electric,107,12650,73,99000
Aug,2024,76000,1.6,Two-Wheeler,Ather Energy,111,12650,78,141000
Aug,2024,49000,1.1,Four-Wheeler,Tata Motors,101,12650,73,1380000
Sep,2024,141600,2.9,Two-Wheeler,Ola Electric,106,12800,75,97000
Sep,2024,82000,1.7,Two-Wheeler,Ather Energy,110,12800,79,140000
Sep,2024,53100,1.2,Four-Wheeler,Tata Motors,100,12800,74,1360000
Oct,2024,148800,3.1,Two-Wheeler,Ola Electric,105,12847,75,97000
Oct,2024,86000,1.8,Two-Wheeler,Ather Energy,109,12847,80,140000
Oct,2024,56000,1.2,Four-Wheeler,Tata Motors,99,12847,75,1350000
Nov,2024,157200,3.3,Two-Wheeler,Ola Electric,105,12847,76,95000
Nov,2024,91000,1.9,Two-Wheeler,Ather Energy,108,12847,81,139000
Nov,2024,59200,1.3,Four-Wheeler,Tata Motors,98,12847,76,1340000
Dec,2024,170400,3.5,Two-Wheeler,Ola Electric,104,12847,77,95000
Dec,2024,98000,2.0,Two-Wheeler,Ather Energy,107,12847,82,138000
Dec,2024,64000,1.4,Four-Wheeler,Tata Motors,97,12847,77,1320000
